EmployeeID,Age,Department,JobRole,YearsAtCompany,MonthlyIncome,JobSatisfaction,WorkLifeBalance,OverTime,NumCompaniesWorked,DistanceFromHome,PerformanceRating,TrainingTimesLastYear,Attrition
421,,engineering,Engineer,21,17692,2,2,NO,8,23,4,5,Yes
56,,Marketing,Executive,17,90630,1,3,No,1,10,4,4,No
788,31,Engineering,Manager,7,6585,2,2,No,4,25,4,5,No
210,50,Support,Manager,14,4955,2,1,No,3,11,4,2,No
600,51,Marketing,Specialist,34,9437,4,2,No,3,13,4,3,No
895,27,HR,Executive,29,12068,3,4,Yes,5,21,3,2,No
572,60,Sales,Manager,26,6597,2,4,Yes,3,13,3,5,No
445,42,Engineering,Manager,5,2840,4,1,Yes,0,20,3,4,Yes
636,60,Marketing,Manager,20,12151,4,2,No,1,1,3,4,No
986,48,Marketing,Executive,17,4663,1,4,No,5,7,4,5,No
466,,Marketing,Engineer,4,11657,1,4,Yes,3,10,3,0,No
668,40,Sales,Executive,21,7334,4,4,No,8,10,4,5,No
483,58,Sales,Manager,15,3863,1,1,Yes,7,6,4,0,Yes
795,23,Finance,Specialist,35,17756,4,1,Yes,8,3,4,1,Yes
166,32,,Executive,30,16357,2,4,No,9,1,3,3,No
186,52,HR,Manager,14,,2,1,No,5,8,3,5,Yes
690,41,Support,Executive,1,4063,1,2,yes,4,26,3,6,No
230,36,Finance,Analyst,14,2854,3,1,No,2,17,4,5,No
965,31,HR,Specialist,21,13273,1,1,Yes,5,10,4,6,No
687,50,Engineering,Analyst,7,14083,3,4,No,8,22,4,3,No
193,39,Support,Executive,13,15540,4,2,No,8,18,4,2,No
556,58,Engineering,Director,5,16360,2,3,No,8,17,4,5,Yes
407,54,Engineering,Executive,7,17971,1,2,No,3,16,4,2,Yes
608,38,Finance,Analyst,31,11228,3,1,No,1,26,4,6,No
685,37,Sales,Executive,13,14728,2,3,No,2,13,4,4,No
434,24,HR,Engineer,25,,2,,No,8,28,4,2,Yes
453,58,Sales,Executive,18,6294,4,1,Yes,5,21,3,0,Yes
897,54,Marketing,Director,34,7737,1,3,Yes,7,18,4,1,Yes
418,59,Sales,Specialist,24,10432,2,4,Yes,5,9,3,4,No
379,48,Marketing,Specialist,23,14584,4,3,Yes,6,29,3,0,No
852,48,,Executive,22,15979,1,3,No,0,1,4,1,No
123,,Marketing,Specialist,5,5118,1,2,No,1,5,3,4,No
215,54,Marketing,Specialist,11,2613,3,2,No,1,22,4,1,No
321,33,Engineering,Analyst,5,10497,1,4,Yes,0,13,3,0,Yes
322,47,HR,Manager,8,6427,1,2,Yes,0,23,3,6,Yes
838,51,Sales,Manager,17,,1,3,Yes,7,30,3,0,No
676,38,,Analyst,27,8687,2,3,Yes,4,10,3,0,No
307,27,Marketing,Executive,26,12902,4,1,Yes,4,17,3,2,No
955,36,Engineering,Manager,21,14141,2,3,Yes,5,26,3,5,No
496,48,Support,Executive,27,11479,4,2,Yes,9,30,3,1,No
686,30,Finance,Analyst,7,,2,1,Yes,3,24,3,5,Yes
875,22,Eng,Director,7,19394,3,3,Yes,6,10,4,6,Yes
206,36,Engineering,Specialist,18,16521,2,2,Yes,0,2,4,6,No
203,38,HR,Engineer,35,10444,3,1,No,1,12,3,4,No
741,27,Sales,Engineer,11,16962,4,1,No,8,2,3,6,No
303,33,Support,Manager,31,2652,1,1,No,9,10,3,3,No
148,58,Engineering,Executive,19,4587,4,1,Yes,1,25,4,1,No
347,60,,Analyst,4,6202,1,2,No,9,28,3,4,NO
472,41,Marketing,Executive,11,9698,3,4,Yes,6,5,3,1,Yes
358,35,Support,Manager,30,4125,2,4,No,7,17,4,1,YES
820,,Marketing,Engineer,22,19061,2,1,No,7,15,3,5,No
578,38,Engineering,Analyst,35,19933,3,4,No,2,28,4,6,Yes
725,,Finance,Manager,31,17536,4,1,Yes,9,23,3,6,No
401,46,Engineering,Executive,6,6046,2,3,No,1,17,4,5,No
618,39,Support,Analyst,23,3934,4,2,Yes,0,11,4,6,No
323,29,,Analyst,28,17894,4,1,No,9,8,3,2,No
462,22,Finance,Engineer,30,2032,4,2,No,1,2,3,4,No
211,33,Engineering,Engineer,24,2413,1,2,No,7,8,3,1,Yes
518,52,Finance,Specialist,29,18066,2,,Yes,0,12,3,4,No
678,32,Finance,Specialist,34,8362,4,3,Yes,5,28,4,6,No
101,24,Sales,Specialist,3,2209,4,,Yes,1,23,3,0,Yes
906,51,Engineering,Executive,4,13247,4,,no,6,5,4,0,No
331,47,Support,Specialist,35,11972,3,3,Yes,4,29,3,5,No
823,28,Finance,Analyst,10,17622,,1,Yes,2,18,3,4,Yes
922,44,Sales,Executive,2,6306,1,1,Yes,5,30,3,1,No
440,35,HR,Analyst,12,2470,3,3,Yes,4,29,4,4,No
108,46,Engineering,Analyst,17,11867,3,4,Yes,1,6,4,2,No
571,32,Support,Specialist,14,6982,,2,No,0,13,4,3,No
232,50,Marketing,Manager,15,18996,4,,No,8,25,3,1,Yes
832,46,Support,Director,17,18363,3,4,No,9,23,4,5,No
845,26,Support,Manager,34,3816,3,,No,4,4,3,0,No
774,48,,Specialist,18,14331,4,2,No,9,14,3,2,No
666,31,Finance,Executive,31,5024,2,1,Yes,7,6,3,1,Yes
478,55,Marketing,Analyst,13,17523,3,3,Yes,1,15,4,5,No
944,,Engineering,Analyst,24,10235,4,4,n,8,7,4,2,No
353,60,HR,Engineer,23,2264,2,1,Yes,8,27,3,3,Yes
999,,Support,Analyst,8,3654,3,2,No,2,6,4,4,No
546,53,Support,Analyst,33,17795,2,4,No,0,22,3,2,Yes
133,53,Sales,Analyst,17,5048,1,2,No,5,15,3,4,Yes
739,38,Engineering,Manager,12,,1,1,Yes,7,20,4,1,Yes
743,,Engineering,Director,8,11979,1,1,No,5,1,3,6,Yes
371,37,HR,Analyst,12,4994,1,4,Yes,0,11,3,5,No
971,54,Finance,Analyst,16,12529,1,2,Yes,4,25,4,3,Yes
170,24,Engineering,Executive,8,15409,1,3,Yes,3,4,4,1,No
375,50,Support,Engineer,8,11113,3,1,No,4,25,3,1,No
813,40,,Executive,6,16514,,,No,9,18,3,2,No
733,43,Sales,Director,14,19769,4,3,No,2,10,4,6,No
816,46,Support,Executive,30,10610,1,2,NO,8,9,3,5,No
114,47,Support,Analyst,11,16160,4,1,Yes,7,19,4,3,Yes
76,57,Support,Director,11,6228,4,1,Yes,8,5,4,1,Yes
139,59,Engineering,Analyst,6,10121,2,3,Yes,3,19,4,2,No
145,52,Support,Manager,27,7406,4,2,Yes,1,11,3,1,No
311,50,Engineering,Engineer,29,4809,,4,Yes,5,23,4,5,Yes
61,58,Eng,Analyst,20,17585,2,1,No,1,26,4,5,Yes
199,37,Finance,Engineer,9,5495,1,1,No,9,1,3,6,No
205,33,Sales,Analyst,15,10245,1,2,Yes,6,4,3,0,No
863,49,Marketing,Engineer,0,16337,4,2,No,9,20,4,6,No
583,42,Sales,Director,14,13414,2,,No,9,27,3,3,No
549,42,,Manager,12,17672,1,4,Yes,7,7,3,4,No
576,60,Finance,Specialist,24,,1,1,Yes,1,25,3,2,Yes
87,32,Marketing,Specialist,30,17645,2,3,No,4,21,3,6,Yes
803,25,Sales,Specialist,25,9194,3,4,No,0,15,3,1,No
293,45,Engineering,Manager,31,5446,4,4,Yes,1,5,4,3,No
476,37,Sales,Analyst,24,15764,1,1,No,1,2,3,3,No
198,38,Engineering,Engineer,5,15072,3,1,Yes,7,11,4,1,No
992,38,Finance,Specialist,9,18744,,,Yes,3,15,3,0,0
235,40,Support,Analyst,7,6311,2,1,No,0,15,4,6,1
612,49,Sales,Specialist,28,2393,1,3,No,9,22,3,4,Yes
247,23,Sales,Executive,7,13516,4,4,Yes,4,25,4,4,No
262,26,Finance,Analyst,0,14596,4,1,No,5,22,4,3,Yes
732,26,Finance,Specialist,11,4383,2,,No,7,25,3,4,No
366,51,HR,Analyst,0,6675,4,1,No,9,26,3,4,Yes
330,45,Sales,Executive,9,,1,1,No,5,13,3,3,Yes
423,41,Finance,Engineer,22,5405,3,4,No,4,26,3,6,Yes
900,27,Finance,Director,26,19107,3,3,Yes,4,13,4,5,No
597,31,HR,Director,4,9380,2,,No,7,1,4,0,0
129,38,Engineering,Engineer,8,10806,1,1,No,6,9,3,2,No
305,29,,Director,27,17560,,3,Yes,5,16,4,6,Yes
132,45,Finance,Executive,12,199090,2,2,Yes,6,1,3,4,Yes
592,54,HR,Specialist,2,9028,1,4,Yes,3,23,4,0,No
55,31,Support,Specialist,1,5006,2,,No,7,11,3,2,No
410,31,Support,Director,11,10174,3,1,No,3,22,4,1,No
389,29,Sales,Engineer,12,5804,3,2,No,6,19,3,2,Yes
860,28,Sales,Engineer,14,,4,4,Yes,0,18,4,5,No
978,31,Engineering,Specialist,7,8736,2,4,Yes,0,21,4,2,No
768,58,HR,Analyst,14,7708,3,4,Yes,3,24,4,4,No
143,31,HR,Specialist,4,9798,,3,Yes,1,27,4,3,Yes
661,,Engineering,Executive,21,16413,3,2,Yes,3,3,4,2,Yes
716,57,Sales,Director,28,8359,3,3,Yes,7,28,3,3,Yes
634,35,Engineering,Specialist,4,4196,3,4,NO,6,12,4,0,No
718,60,engineering,Specialist,29,4937,3,2,No,9,13,3,1,No
254,43,Finance,Manager,30,16877,4,3,No,5,26,4,2,No
100,31,Engineering,Engineer,14,14446,2,4,No,4,25,4,5,No
807,60,HR,Engineer,30,5786,4,1,Yes,7,7,4,6,No
990,60,,Manager,7,11249,3,4,No,0,13,3,0,No
643,48,Support,Specialist,10,9908,3,4,Yes,6,20,3,3,Yes
805,25,Sales,Manager,23,2033,,4,Yes,1,11,3,3,yes
189,31,Sales,Analyst,16,7899,4,1,No,1,7,4,4,No
169,35,Support,Specialist,29,13169,3,1,Yes,7,11,4,5,No
831,40,Marketing,Analyst,23,3887,3,,Yes,3,9,3,6,Yes
703,29,Engineering,Executive,9,10828,2,3,No,0,12,4,6,Yes
913,28,Engineering,Specialist,0,,1,3,Yes,8,27,4,0,Yes
248,37,Finance,Analyst,30,14576,1,3,Yes,9,14,4,4,No
327,36,Sales,Director,14,17937,3,3,No,0,25,4,1,No
497,43,Sales,Director,33,19209,4,3,No,6,11,3,1,No
763,,Engineering,Director,2,15388,4,1,Yes,0,15,3,2,Yes
256,55,Sales,Engineer,5,6753,2,4,No,6,8,4,5,No
682,29,Sales,Engineer,21,12430,1,2,Yes,9,26,3,1,Yes
929,,Engineering,Specialist,16,2394,1,3,Yes,5,25,3,2,Yes
877,56,Engineering,Manager,18,17912,1,1,No,9,15,3,6,No
724,59,,Specialist,26,6707,1,3,Yes,4,9,3,3,No
701,50,Finance,Specialist,23,3875,1,2,No,5,13,3,6,No
251,59,Marketing,Specialist,20,14543,4,4,n,8,7,3,3,0
749,23,HR,Analyst,11,7085,2,4,Yes,1,24,4,6,Yes
448,22,Engineering,Director,16,5984,2,1,Yes,8,17,3,1,No
333,54,HR,Manager,3,6087,4,3,Yes,7,11,3,6,No
9,24,HR,Manager,32,9798,3,4,Yes,8,5,4,1,No
772,27,Engineering,Director,31,,2,4,Yes,7,24,4,4,No
287,41,HR,Specialist,23,5140,3,2,Yes,2,17,4,2,No
384,59,Sales,Manager,13,19115,1,4,No,7,16,4,4,No
74,29,Engineering,Manager,28,7657,4,1,No,5,23,3,4,No
923,,Support,Executive,8,9008,4,4,no,0,17,4,2,No
220,57,Finance,Director,9,5089,1,4,No,2,5,4,2,No
939,49,Engineering,Engineer,14,,3,2,Yes,8,17,4,4,No
834,60,Engineering,Engineer,23,14494,4,3,No,2,4,3,0,No
625,46,Sales,Specialist,13,8558,3,2,No,5,15,3,5,No
931,54,Sales,Executive,16,126410,2,4,Yes,5,21,3,3,Yes
175,38,Engineering,Director,28,9390,3,2,Yes,4,15,3,5,NO
249,50,Engineering,Engineer,25,4280,1,4,No,7,21,3,0,Yes
909,42,Eng,Analyst,21,195440,3,4,No,0,12,3,0,No
359,50,Engineering,Executive,13,12026,4,4,Yes,5,9,3,1,No
812,42,Finance,Engineer,3,2346,2,4,Yes,1,11,3,2,Yes
138,55,Engineering,Specialist,34,2639,4,3,No,8,26,4,2,No
622,55,,Specialist,25,7078,,2,No,2,4,4,1,Yes
669,59,Sales,Analyst,6,16710,2,2,Yes,4,25,4,5,Yes
790,36,HR,Specialist,34,18483,2,3,Yes,5,28,3,2,Yes
225,56,Engineering,Analyst,34,19146,,4,Yes,0,13,3,2,Yes
257,56,,Executive,24,17551,3,2,No,0,10,4,3,No
240,47,Support,Director,1,7755,2,3,No,7,30,4,6,Yes
833,60,Finance,Executive,4,16119,2,3,Yes,1,6,4,2,Yes
387,27,HR,Specialist,35,17296,2,4,Yes,7,22,3,1,Yes
997,41,Sales,Engineer,22,9284,4,3,Yes,8,27,4,6,No
542,46,,Executive,16,19607,1,1,No,7,27,3,2,No
989,51,Support,Manager,34,15857,3,3,Yes,6,19,4,1,Yes
102,39,Finance,Engineer,1,18456,4,2,Yes,1,17,3,1,Yes
19,34,HR,Executive,4,12819,3,1,No,8,10,4,2,No
414,43,HR,Specialist,30,8619,2,,Yes,3,14,4,6,No
53,26,Sales,Manager,5,16151,1,3,Yes,8,2,4,5,Yes
489,,HR,Engineer,16,,2,,Yes,2,28,3,1,Yes
714,24,Finance,Specialist,6,5817,2,4,Yes,0,7,3,4,No
460,29,Engineering,Manager,3,3169,3,2,Yes,8,4,4,1,No
239,34,SALES,Manager,1,,1,2,No,6,2,4,2,No
969,28,Engineering,Specialist,1,15950,1,,Yes,0,1,3,5,No
233,50,Sales,Specialist,32,5708,2,2,No,6,11,4,0,Yes
179,26,Support,Specialist,9,2778,4,3,n,1,3,3,1,No
156,42,Support,Analyst,1,18297,3,3,No,6,13,3,4,No
106,33,Support,Director,24,,3,2,Yes,1,9,3,3,No
564,45,Finance,Executive,10,15737,2,2,Yes,2,12,3,6,Yes
324,,Sales,Executive,25,17928,4,2,Yes,8,1,4,4,no
45,30,Support,Manager,2,12123,4,1,No,2,3,4,2,No
37,42,Sales,Executive,32,2037,4,4,Yes,3,17,4,4,No
501,31,Marketing,Analyst,31,11260,2,2,Yes,8,28,3,0,Yes
291,32,Finance,Manager,6,9012,4,3,Yes,7,22,3,1,No
59,31,Engineering,Manager,9,10387,2,2,Yes,1,6,4,3,No
336,60,Marketing,Manager,7,,3,1,Yes,1,12,4,2,Yes
575,39,Support,Specialist,17,10246,3,4,No,5,3,3,0,No
713,50,HR,Engineer,21,15705,1,1,No,0,23,4,1,No
811,23,Engineering,Engineer,18,16587,4,1,yes,2,21,3,3,No
252,49,Engineering,Manager,8,156260,4,4,Yes,7,17,4,4,No
586,46,Marketing,Executive,30,6538,3,2,Yes,4,12,3,5,No
882,45,Finance,Analyst,0,19636,1,3,Yes,1,20,3,3,No
857,48,,Engineer,30,6322,,,Yes,0,2,4,2,Yes
756,24,Marketing,Analyst,21,193390,4,2,Yes,9,24,3,0,Yes
298,25,Support,Analyst,15,9688,3,1,Yes,4,4,4,1,Yes
948,22,HR,Manager,27,4444,1,3,Yes,0,5,3,2,No
155,60,Finance,Engineer,19,5542,4,,No,4,21,4,6,Yes
789,32,Sales,Analyst,35,19658,4,2,Yes,7,12,3,5,No
494,30,Finance,Engineer,18,13192,3,1,Yes,6,14,3,4,No
443,45,Engineering,Director,18,10769,3,3,No,3,1,4,0,No
915,26,Sales,Director,30,12143,1,2,Yes,4,18,4,0,Yes
960,24,HR,Specialist,0,3078,3,2,Yes,2,14,4,1,Yes
109,43,Finance,Executive,21,16425,3,4,Yes,4,11,3,3,No
14,37,HR,Engineer,10,16358,3,1,No,1,29,3,2,Yes
954,35,,Director,25,17593,4,2,No,9,5,3,4,No
531,59,HR,Analyst,32,16909,4,1,No,4,2,3,6,No
878,36,Marketing,Executive,26,2686,,1,Yes,0,12,3,5,Yes
171,54,Engineering,Executive,0,19378,1,4,No,8,25,3,5,No
276,36,HR,Engineer,17,18500,4,3,Yes,1,12,4,3,No
881,60,Engineering,Manager,34,186490,2,3,Yes,7,24,3,4,Yes
226,28,Sales,Engineer,24,9574,4,1,No,7,28,3,1,0
641,37,Marketing,Analyst,12,17556,4,,Yes,1,6,4,4,No
825,30,,Manager,15,,2,1,Yes,8,3,4,2,No
79,39,Marketing,Analyst,9,5172,1,3,No,9,14,3,6,No
998,,Marketing,Executive,15,18966,3,3,No,6,5,3,1,No
267,22,Engineering,Manager,18,15638,4,2,Yes,2,21,4,4,Yes
343,32,Sales,Manager,30,10955,3,4,No,3,19,4,0,No
628,29,Sales,Specialist,15,16917,3,3,yes,9,16,3,5,No
734,50,Sales,Engineer,11,9709,4,4,No,7,7,3,0,No
890,,Marketing,Engineer,7,3559,2,3,No,4,9,3,4,No
802,38,Support,Specialist,23,10729,2,1,No,4,12,4,6,No
620,28,HR,Executive,17,8480,4,3,Yes,9,5,4,0,Yes
553,45,Engineering,Engineer,21,13597,3,4,n,6,19,4,6,No
879,57,Support,Manager,22,7303,4,2,Yes,0,15,4,4,No
404,49,Support,Director,8,17717,4,1,No,0,20,3,6,No
512,45,Finance,Director,16,174700,4,2,No,2,6,4,0,No
629,39,Support,Engineer,30,8642,3,1,No,3,8,4,6,Yes
461,60,HR,Specialist,0,50880,2,4,No,3,6,4,5,Yes
122,51,Sales,Manager,10,16460,4,1,No,3,23,3,5,No
864,38,Marketing,Analyst,15,2951,2,3,Yes,0,5,4,3,Yes
601,45,Marketing,Director,26,,3,2,No,2,16,3,4,No
638,24,,Analyst,14,13143,4,2,No,1,4,3,1,Yes
33,55,Marketing,Executive,28,11743,,3,Yes,9,24,3,6,Yes
548,,Engineering,Specialist,29,7814,1,3,No,1,24,3,5,No
766,51,,Engineer,2,,3,2,Yes,9,25,4,4,Yes
268,57,Engineering,Analyst,7,19373,1,3,Yes,7,25,3,2,Yes
525,54,Sales,Executive,27,10826,4,1,Yes,8,6,4,4,No
112,22,Sales,Engineer,14,18733,2,4,No,6,15,3,2,No
93,24,HR,Executive,11,6437,4,3,No,7,28,4,3,Yes
555,46,Support,Specialist,31,10186,3,4,Yes,1,2,4,2,No
595,47,HR,Director,18,11329,3,1,Yes,6,27,3,0,No
783,60,Sales,Executive,8,9946,3,3,No,6,26,3,6,0
891,31,Engineering,Manager,20,13278,4,4,Yes,5,30,4,6,NO
376,42,Engineering,Executive,0,4117,4,1,Yes,0,21,3,1,Yes
520,33,Support,Specialist,0,12196,3,,Yes,5,15,3,4,0
90,45,Support,Analyst,3,5873,4,3,Yes,6,22,4,5,Yes
759,26,Support,Analyst,1,6615,4,1,No,1,12,3,3,YES
66,50,Finance,Analyst,27,50050,2,4,No,0,14,3,3,No
510,22,HR,Specialist,13,18014,4,,Yes,5,15,4,4,No
802,38,Support,Specialist,23,10729,2,1,No,4,12,4,6,No
822,52,Engineering,Specialist,6,14508,1,1,No,3,16,3,0,No
640,38,Marketing,Manager,11,155410,1,1,Yes,3,5,4,1,No
574,46,HR,Manager,29,15956,2,4,No,3,17,3,0,No
517,50,sale,Director,12,2183,3,3,Yes,5,30,4,4,No
964,60,Sales,Analyst,11,4547,3,3,Yes,9,2,4,2,No
216,24,Engineering,Manager,31,8278,1,1,No,7,17,4,0,Yes
81,26,Marketing,Director,28,,1,2,Yes,6,12,4,4,No
454,51,Marketing,Specialist,7,14252,1,1,Yes,0,27,3,1,Yes
796,25,Saless,Engineer,26,6530,,3,No,6,28,4,6,No
735,58,Marketing,Director,31,7043,2,,Yes,7,24,3,6,no
447,23,Marketing,Manager,31,4500,2,4,No,5,21,4,6,Yes
315,44,Sales,Analyst,18,7919,2,3,Yes,9,1,3,3,No
580,27,Support,Director,25,10630,2,3,No,6,5,4,0,No
633,48,Support,Manager,14,16865,2,2,Yes,8,26,3,3,yes
835,38,Support,Director,12,10120,2,4,Yes,4,25,4,2,0
930,25,Sales,Manager,35,6520,3,1,Yes,8,30,3,5,No
450,60,Support,Engineer,20,5524,4,4,Yes,9,12,4,5,No
19,34,HR,Executive,4,12819,3,1,No,8,10,4,2,No
526,44,Marketing,Executive,10,17092,1,,Yes,2,10,4,0,Yes
806,59,HR,Specialist,0,2150,4,3,Yes,8,19,4,4,No
631,45,Marketing,Manager,16,6510,3,3,No,7,25,3,0,No
961,56,Engineering,Director,2,15031,3,3,Yes,2,29,4,4,No
658,31,Marketing,Director,8,11895,4,2,Yes,0,29,3,3,Yes
780,52,HR,Analyst,24,3457,3,1,Yes,7,3,4,5,No
444,34,Finance,Specialist,25,3690,4,2,No,2,13,4,4,Yes
237,57,Engineering,Executive,23,3174,1,3,No,5,29,4,6,Yes
761,26,HR,Executive,22,14188,3,4,Yes,3,9,4,6,yes
727,42,Engineering,Executive,31,19895,3,,Yes,3,7,4,0,No
107,50,Finance,Director,32,15370,1,1,Yes,5,18,3,4,Yes
521,27,Support,Analyst,19,8261,2,3,Yes,6,23,4,1,Yes
242,24,HR,Executive,5,,2,3,No,4,7,4,1,Yes
519,56,HR,Analyst,1,12900,3,2,No,8,1,4,3,No
558,42,Finance,Executive,18,12936,1,1,Yes,8,25,3,4,Yes
498,53,Marketing,Analyst,10,11452,3,1,Yes,4,5,3,1,No
689,39,Marketing,Executive,17,7257,4,2,No,2,1,3,5,No
425,36,Marketing,Manager,26,19266,2,1,Yes,5,1,3,6,Yes
621,24,Support,Engineer,20,3290,1,2,No,1,30,3,1,Yes
842,53,Sales,Director,10,8550,4,1,Yes,0,16,3,1,Yes
495,24,Marketing,Manager,10,4392,2,4,n,5,5,4,5,No
360,39,Marketing,Manager,11,16473,2,,Yes,5,29,3,2,No
439,42,Sales,Analyst,29,,4,3,Yes,6,9,3,3,No
409,47,Finance,Specialist,24,6306,,1,Yes,2,5,4,4,Yes
527,47,Support,Analyst,30,14330,4,2,Yes,6,5,4,6,No
515,49,Support,Executive,20,11914,1,2,No,6,25,4,5,Yes
675,25,Marketing,Director,13,19501,,1,Yes,6,18,4,1,No
120,39,Support,Analyst,8,10181,2,3,Yes,6,16,3,4,No
92,50,SALES,Executive,8,18818,,4,Yes,8,15,4,5,Yes
23,56,Sales,Analyst,9,9577,4,2,Yes,1,14,4,2,No
731,45,Sales,Executive,34,6706,1,2,Yes,3,21,4,2,Yes
367,47,Finance,Analyst,26,10163,2,4,No,6,30,3,5,No
3,45,Finance,Analyst,4,3501,2,3,Yes,3,28,3,3,Yes
451,29,Saless,Engineer,27,8092,3,2,Yes,3,22,4,2,Yes
195,,,Analyst,31,16384,1,2,No,3,2,3,4,Yes
651,49,Finance,Engineer,20,2678,4,4,No,9,7,4,1,No
278,23,HR,Analyst,4,2722,2,3,No,9,11,4,3,No
589,31,Finance,Engineer,29,19956,4,4,Yes,8,3,4,1,No
351,40,Marketing,Executive,6,15471,2,1,No,6,15,4,4,No
901,53,HR,Specialist,22,19036,2,1,Yes,2,5,3,3,No
302,35,Marketing,Engineer,18,7262,3,2,No,3,4,3,1,no
161,53,HR,Analyst,10,15218,1,2,Yes,2,7,3,4,Yes
830,42,HR,Specialist,9,5323,1,4,Yes,9,30,4,1,No
573,35,Marketing,Analyst,17,12730,1,1,No,8,4,4,1,No
275,45,Sales,Manager,24,13979,4,1,No,5,6,3,4,No
340,23,Finance,Engineer,24,,1,1,Yes,8,6,4,1,Yes
797,46,Marketing,Manager,21,2640,1,4,No,6,14,4,0,Yes
438,41,Engineering,Analyst,22,15733,4,4,Yes,6,12,4,6,Yes
212,,Sales,Engineer,30,11791,2,3,Yes,3,4,3,5,No
349,26,Engineering,Analyst,10,12788,3,1,Yes,0,16,4,6,Yes
853,,Support,Engineer,8,14456,2,3,Yes,0,23,4,4,Yes
938,60,Support,Engineer,10,13695,3,2,Yes,6,22,4,6,Yes
752,,engineering,Analyst,9,2920,1,2,No,6,24,3,4,Yes
951,36,Saless,Executive,1,70300,3,3,No,5,25,4,3,No
437,25,Engineering,Manager,27,10842,3,,Yes,2,3,4,3,Yes
523,35,Marketing,Engineer,2,5778,2,4,Yes,7,19,4,2,No
286,42,Marketing,Specialist,8,13710,2,1,No,5,14,4,0,Yes
700,56,Saless,Specialist,20,17102,2,3,No,0,2,3,6,Yes
509,27,Sales,Director,10,8805,4,2,Yes,2,13,4,4,No
921,23,Engineering,Specialist,11,15784,3,3,Yes,3,30,3,3,No
680,,Finance,Director,35,5817,2,4,No,8,18,4,0,No
786,48,HR,Analyst,27,4494,2,1,Yes,0,7,4,1,No
524,33,HR,Engineer,10,17297,2,1,No,9,15,4,5,Yes
227,41,Engineering,Director,17,4031,3,4,Yes,8,9,3,1,No
346,44,Engineering,Manager,19,9246,2,4,No,0,9,4,5,No
373,41,Finance,Executive,6,19569,2,3,Yes,9,11,4,5,1
290,22,Sales,Manager,13,8554,2,3,YES,1,5,4,4,Yes
907,49,Sales,Engineer,18,16757,2,1,No,6,27,4,1,No
902,50,Sales,Executive,0,12753,3,3,No,1,26,4,6,1
709,38,,Engineer,7,14934,2,2,Yes,1,4,4,4,Yes
887,40,Finance,Director,3,2592,2,3,No,5,17,3,6,Yes
536,43,HR,Engineer,28,6973,4,4,Yes,8,23,3,5,No
105,30,Support,Specialist,5,18409,3,1,Yes,6,8,3,2,No
393,32,Finance,Analyst,28,17808,3,2,Yes,3,26,3,5,No
354,,HR,Director,19,15719,3,2,Yes,7,29,3,3,Yes
185,31,HR,Executive,14,11535,2,4,Yes,6,12,3,5,Yes
26,26,Support,Manager,1,10102,2,1,Yes,3,5,4,5,Yes
560,58,HR,Specialist,9,8188,2,2,No,2,4,3,4,No
282,56,Marketing,Specialist,5,18770,4,2,No,5,20,3,5,No
218,44,Support,Executive,27,5411,2,2,No,8,11,3,4,No
153,,Finance,Executive,11,17551,3,3,Yes,4,24,3,2,Yes
841,55,Finance,Director,11,2046,3,3,No,3,26,4,1,Yes
801,27,Support,Specialist,8,17999,3,4,Yes,1,4,3,2,Yes
121,53,HR,Director,0,5052,4,3,Yes,8,13,3,3,No
103,27,Support,Specialist,2,5063,4,4,No,8,16,3,5,No
36,52,Finance,Specialist,28,11114,2,4,No,1,16,4,3,No
911,56,HR,Director,32,16887,3,3,No,1,28,3,6,No
126,,Support,Manager,15,18216,4,1,Yes,7,21,3,4,No
754,58,Sales,Manager,9,,3,1,Yes,4,7,4,2,No
63,43,Engineering,Specialist,33,5062,4,3,Yes,5,10,3,1,No
570,54,Engineering,Executive,32,8385,2,2,Yes,3,24,4,4,Yes
904,31,sale,Executive,27,,2,3,Yes,5,24,3,6,No
284,57,Marketing,Specialist,8,,,4,No,8,16,3,6,No
383,34,Sales,Specialist,11,8287,3,4,No,9,4,3,0,No
711,48,Sales,Director,8,19166,1,2,No,5,16,4,2,No
172,39,Marketing,Engineer,18,16838,2,2,No,9,23,4,6,No
25,27,Support,Executive,8,17128,2,,No,6,11,3,3,Yes
996,31,Engineering,Executive,23,,1,2,No,9,15,4,6,No
422,40,Engineering,Specialist,24,,4,2,Yes,3,4,4,2,Yes
605,50,Finance,Director,11,16658,1,4,No,5,3,4,0,Yes
966,34,Engineering,Engineer,15,14914,2,4,Yes,0,26,3,2,No
408,34,Sales,Analyst,18,3319,2,4,No,5,29,3,1,No
458,,Engineering,Manager,17,15863,2,3,Yes,2,15,3,5,Yes
938,60,Support,Engineer,10,13695,3,2,Yes,6,22,4,6,Yes
361,41,Support,Specialist,17,82460,2,3,Yes,4,10,4,6,No
508,39,Marketing,Engineer,34,186000,2,4,Yes,7,24,4,2,No
113,44,Marketing,Manager,28,16825,3,1,No,0,26,3,0,No
217,48,HR,Specialist,3,10710,1,1,No,1,7,3,0,No
758,26,Support,Specialist,0,9032,3,2,No,0,25,3,1,No
606,,HR,Director,31,2522,4,2,No,4,7,4,4,No
339,55,Engineering,Executive,32,2611,1,2,Yes,4,26,3,1,No
98,26,Engineering,Director,35,9111,4,2,No,4,30,3,1,No
499,40,Finance,Executive,28,19068,2,4,No,1,23,3,3,No
34,40,,Executive,4,9648,3,2,No,1,18,3,5,Yes
632,47,Sales,Executive,7,18429,1,1,Yes,4,30,3,5,Yes
179,26,Support,Specialist,9,2778,4,3,n,1,3,3,1,No
250,35,Support,Engineer,19,11979,4,3,Yes,9,1,4,6,Yes
908,37,Marketing,Executive,11,,1,2,yes,6,14,3,2,No
30,36,Marketing,Specialist,15,12033,3,4,No,6,24,4,2,No
174,40,Engineering,Director,2,13753,4,1,Yes,8,13,3,4,No
97,52,Engineering,Analyst,19,6730,4,1,No,6,18,3,3,No
770,58,Finance,Director,32,16699,2,1,Yes,7,1,4,5,Yes
485,31,Sales,Analyst,28,16868,1,1,YES,0,9,4,4,Yes
436,43,Sales,Engineer,21,17934,2,4,Yes,4,15,3,4,Yes
412,42,Sales,Analyst,2,2017,,3,Yes,4,16,4,4,Yes
970,42,Sales,Engineer,13,6573,1,1,No,3,22,3,4,No
764,58,SALES,Analyst,22,19422,3,4,No,6,20,4,3,No
318,41,Support,Director,8,13765,1,3,Yes,7,15,4,3,Yes
867,34,Marketing,Director,4,8104,1,2,Yes,1,2,3,4,Yes
710,36,Sales,Executive,2,45170,1,,No,6,4,4,4,No
883,44,Support,Executive,11,2545,2,4,No,5,23,4,4,Yes
221,58,Sales,Director,19,3224,4,1,Yes,5,12,4,3,No
15,25,,Specialist,27,11066,1,1,No,2,21,4,1,No
209,40,Support,Specialist,34,,,2,Yes,2,5,4,0,No
723,46,Finance,Analyst,4,4661,,3,Yes,0,3,4,4,Yes
991,39,Support,Analyst,3,6807,1,4,Yes,6,16,3,3,No
68,53,Finance,Director,1,18887,2,2,No,6,1,4,1,NO
797,46,Marketing,Manager,21,2640,1,4,No,6,14,4,0,Yes
416,35,Finance,Specialist,0,18803,4,3,No,3,10,4,4,No
50,,HR,Analyst,7,2844,2,1,No,3,19,4,0,Yes
947,31,Marketing,Manager,0,17739,1,2,Yes,5,2,4,6,Yes
579,33,Marketing,Analyst,16,17906,3,3,No,5,25,3,1,No
626,42,Marketing,Executive,10,18111,4,3,Yes,1,20,3,0,No
541,23,Engineering,Director,29,17046,,,Yes,2,15,3,6,No
646,59,Finance,Analyst,7,11550,2,2,No,2,29,4,2,Yes
750,56,Engineering,Engineer,35,,3,4,Yes,7,24,4,5,No
819,30,Finance,Manager,18,12961,4,3,No,5,28,3,0,No
507,48,sale,Manager,34,6975,1,4,Yes,9,28,4,6,Yes
782,49,Marketing,Executive,26,3638,3,4,No,2,1,4,2,No
848,32,Support,Manager,4,18257,1,2,Yes,2,10,3,1,Yes
307,27,Marketing,Executive,26,12902,4,1,Yes,4,17,3,2,No
543,59,Sales,Specialist,10,14008,4,3,Yes,3,26,4,1,Yes
505,44,Finance,Manager,3,18995,2,,Yes,2,27,4,6,No
73,45,HR,Executive,4,6511,3,4,No,4,8,3,0,No
182,38,Engineering,Manager,11,3782,4,1,No,1,9,3,1,No
604,31,Engineering,Executive,7,19442,4,2,n,4,23,3,0,No
395,46,engineering,Specialist,28,14036,1,1,Yes,1,4,4,5,No
793,50,Support,Analyst,16,14348,2,1,Yes,9,18,4,5,Yes
82,54,sale,Engineer,20,7324,4,3,No,8,27,4,5,NO
431,54,Engineering,Manager,24,17628,1,3,Yes,2,22,4,0,No
619,60,Eng,Engineer,3,8387,3,2,No,6,23,3,2,Yes
200,58,Engineering,Manager,33,158660,4,1,No,6,28,3,3,No
800,44,Marketing,Specialist,33,8120,4,1,No,1,18,3,6,No
164,53,Engineering,Manager,32,4459,1,3,Yes,7,10,4,3,Yes
380,46,Marketing,Specialist,15,9941,4,1,No,0,23,3,2,No
884,42,Engineering,Director,17,16259,,4,No,2,19,3,3,No
420,60,Saless,Executive,24,2678,1,1,Yes,2,8,3,2,Yes
817,32,HR,Engineer,0,9142,2,3,Yes,1,16,3,3,Yes
441,51,Marketing,Engineer,11,7329,4,4,No,6,21,4,5,No
141,31,Finance,Specialist,9,5634,3,1,No,6,19,3,2,No
104,58,Marketing,Engineer,2,4436,3,1,Yes,5,1,3,4,Yes
263,,engineering,Analyst,19,14782,1,3,No,1,29,4,5,Yes
174,40,Engineering,Director,2,13753,4,1,Yes,8,13,3,4,No
455,25,HR,Manager,7,3572,3,1,No,5,23,4,2,No
826,47,Finance,Manager,34,9348,,1,Yes,2,20,3,3,No
192,27,HR,Director,34,15390,3,2,Yes,0,19,3,4,Yes
925,48,HR,Engineer,27,8143,2,1,yes,1,6,3,5,1
272,52,Marketing,Engineer,0,16028,2,2,No,6,19,3,4,No
357,30,Engineering,Analyst,34,,3,3,No,3,30,3,6,No
58,51,Support,Engineer,5,16310,1,2,No,9,13,3,3,No
279,,Engineering,Engineer,18,16939,2,,No,2,6,3,1,Yes
475,52,SALES,Executive,11,18612,3,2,No,9,19,4,4,No
865,25,HR,Manager,28,15552,3,4,Yes,7,21,4,2,No
776,26,Engineering,Manager,15,13722,2,2,No,1,8,3,3,No
819,30,Finance,Manager,18,12961,4,3,No,5,28,3,0,No
810,47,Engineering,Analyst,11,2318,1,3,No,1,2,4,5,No
844,40,HR,Analyst,22,7055,2,2,No,6,2,4,1,No
111,60,Marketing,Director,25,19510,4,1,No,8,20,3,0,No
516,57,Marketing,Executive,16,5940,4,3,Yes,0,28,4,6,No
459,47,Finance,Executive,32,12935,1,4,No,5,4,3,5,No
469,51,HR,Executive,29,15779,4,4,Yes,8,1,4,0,No
746,28,Saless,Analyst,12,4061,2,2,Yes,0,21,4,4,Yes
140,,Finance,Analyst,31,19764,3,2,No,0,3,3,1,No
301,,Engineering,Manager,33,8112,4,2,No,4,30,4,4,No
704,44,Sales,Director,33,8054,2,1,Yes,4,26,3,0,No
785,38,Finance,Director,24,3965,1,1,Yes,7,19,4,3,no
799,22,Finance,Analyst,34,16203,1,4,No,9,3,4,0,yes
924,27,Marketing,Engineer,2,3649,4,,No,9,24,3,6,Yes
491,48,Support,Engineer,30,11635,1,2,No,0,10,3,4,Yes
67,52,Support,Analyst,30,16699,1,1,Yes,4,7,3,4,No
934,,HR,Executive,2,120090,2,2,No,6,8,4,3,No
670,24,HR,Analyst,25,8274,3,1,Yes,0,27,4,3,Yes
771,44,Finance,Director,14,16429,3,4,Yes,8,6,3,6,Yes
135,60,Sales,Analyst,20,6860,1,2,No,6,17,3,5,Yes
403,54,HR,Engineer,27,,2,3,Yes,4,14,4,6,Yes
773,49,Sales,Engineer,27,3442,4,2,Yes,7,10,3,2,No
681,30,,Engineer,24,7014,3,3,No,1,17,4,0,No
535,,Support,Analyst,17,10750,4,3,Yes,3,8,3,5,No
147,24,HR,Executive,29,,2,3,Yes,2,25,3,0,No
503,44,Support,Executive,8,17851,4,4,Yes,0,10,4,4,No
244,,HR,Analyst,12,11390,3,3,No,1,9,3,1,No
876,46,Support,Executive,18,15084,3,1,No,2,7,4,5,Yes
559,31,sale,Engineer,4,7953,3,4,No,0,13,4,0,No
456,55,Finance,Analyst,30,18059,3,3,No,3,3,4,6,No
173,33,,Director,20,5781,3,4,No,8,10,4,6,No
984,57,engineering,Engineer,19,4855,3,1,YES,2,15,4,5,Yes
968,50,HR,Director,6,6339,2,4,No,1,23,3,0,No
779,49,Finance,Specialist,34,10158,4,4,No,8,13,4,5,No
967,43,Finance,Executive,20,,1,1,Yes,3,16,4,1,Yes
21,26,Marketing,Executive,12,14582,4,4,Yes,2,21,3,6,No
213,27,Engineering,Analyst,31,4995,3,1,Yes,5,21,3,5,NO
265,30,Sales,Analyst,3,12070,1,4,Yes,9,3,3,0,No
356,34,Sales,Analyst,16,5315,1,2,No,1,11,3,2,No
699,37,Finance,Director,5,13112,1,3,No,5,18,3,6,Yes
980,27,Marketing,Director,12,7650,3,2,Yes,2,10,3,3,Yes
869,57,Marketing,Analyst,10,2703,3,3,Yes,2,4,4,1,No
664,36,Engineering,Analyst,29,7021,1,3,No,6,14,4,2,Yes
184,33,Support,Director,5,11195,,2,No,1,24,3,0,No
693,57,Marketing,Specialist,8,9232,2,2,No,1,2,4,0,No
228,41,Finance,Engineer,28,19767,2,2,Yes,9,18,3,6,Yes
365,32,HR,Executive,25,7145,1,2,No,7,24,3,3,No
464,31,HR,Executive,1,10007,4,3,Yes,1,7,4,5,Yes
804,53,Finance,Specialist,33,,,3,No,3,3,3,3,Yes
457,35,Marketing,Executive,12,17979,1,3,Yes,9,25,4,6,No
896,58,Marketing,Analyst,16,11482,2,1,No,3,16,3,1,Yes
722,29,HR,Analyst,17,150630,2,2,No,8,9,3,6,Yes
567,41,HR,Specialist,29,19036,3,,No,6,12,3,4,No
260,32,Sales,Engineer,3,14543,4,3,Yes,4,27,4,1,No
22,51,Support,Director,35,12397,4,4,No,2,24,4,3,No
919,38,HR,Specialist,17,15353,1,4,Yes,9,6,3,3,No
874,56,Engineering,Specialist,10,4104,1,2,Yes,1,27,3,6,Yes
142,44,Engineering,Specialist,11,14398,3,3,Yes,2,24,3,5,No
27,59,Sales,Engineer,24,14997,2,,Yes,1,23,4,6,NO
748,51,,Specialist,35,9900,1,4,Yes,8,28,3,5,Yes
57,49,Engineering,Analyst,24,19451,2,3,no,6,28,3,3,Yes
164,53,Engineering,Manager,32,4459,1,3,Yes,7,10,4,3,Yes
949,43,Engineering,Engineer,35,4972,1,1,No,0,27,3,6,Yes
42,28,Marketing,Analyst,19,2948,1,3,Yes,4,12,4,3,Yes
692,37,HR,Manager,21,,4,2,No,7,8,4,4,Yes
705,52,Marketing,Analyst,33,8352,4,2,Yes,6,9,3,1,No
851,53,Marketing,Engineer,18,16945,3,4,Yes,0,1,3,3,No
529,41,Marketing,Specialist,30,3141,3,4,Yes,2,13,3,3,No
264,23,Sales,Engineer,3,13066,1,,Yes,3,26,4,5,No
427,58,Marketing,Analyst,11,,2,3,NO,6,24,4,3,No
86,50,Support,Engineer,30,9011,2,3,No,2,4,3,1,Yes
545,40,Marketing,Engineer,14,2917,2,3,Yes,9,1,4,2,No
43,51,Support,Engineer,29,10366,1,4,No,8,6,3,3,No
369,22,HR,Manager,8,,4,4,No,1,3,3,5,No
8,57,,Engineer,33,158650,2,,No,6,22,4,3,No
432,55,HR,Executive,8,13109,3,3,No,0,29,4,1,No
679,,Support,Executive,35,17002,4,3,No,3,29,3,0,No
532,23,Marketing,Engineer,19,3167,1,3,Yes,8,24,4,1,Yes
394,44,Marketing,Analyst,3,5845,3,4,Yes,6,8,3,0,No
627,34,Marketing,Specialist,23,4493,3,4,Yes,4,25,3,0,NO
972,25,Engineering,Engineer,29,19789,3,4,No,0,29,4,5,No
391,52,,Analyst,31,11551,4,1,No,2,27,3,6,No
917,32,Sales,Analyst,2,30410,3,,No,6,24,3,0,No
329,37,Marketing,Engineer,18,18548,2,1,No,5,23,4,2,No
47,23,Finance,Director,20,9253,1,4,No,6,4,3,0,No
892,46,,Director,18,12671,3,2,No,5,6,3,6,No
514,58,Sales,Analyst,33,14548,,3,No,3,6,3,6,No
386,42,Support,Executive,14,17877,4,1,No,6,30,4,5,No
214,30,HR,Manager,31,,3,4,Yes,9,6,4,2,No
959,,Finance,Manager,6,,2,4,No,7,27,3,0,No
787,32,HR,Engineer,32,,3,2,Yes,8,23,3,4,Yes
903,49,Finance,Manager,5,10053,4,1,No,5,19,3,6,Yes
372,34,Finance,Analyst,34,,4,1,Yes,3,4,4,2,Yes
128,31,Finance,Engineer,25,4166,,4,NO,0,8,3,3,Yes
16,30,Sales,Engineer,23,3307,3,2,Yes,1,12,4,4,No
300,47,Engineering,Director,5,5104,3,3,Yes,9,26,4,3,Yes
888,,Saless,Specialist,6,13391,4,2,Yes,2,30,4,6,Yes
886,56,Finance,Manager,24,11599,1,3,No,5,1,3,5,No
383,34,Sales,Specialist,11,8287,3,4,No,9,4,3,0,No
137,,Marketing,Manager,24,15980,2,,Yes,2,9,4,3,No
928,59,Finance,Engineer,14,10160,4,1,Yes,3,15,3,0,No
904,31,sale,Executive,27,,2,3,Yes,5,24,3,6,No
757,40,Engineering,Manager,5,11320,1,4,Yes,5,28,3,4,No
708,,,Director,33,7847,3,3,Yes,7,20,3,5,No
374,54,Support,Specialist,14,18496,1,2,Yes,9,25,3,2,Yes
325,52,HR,Executive,14,18634,2,3,No,2,29,4,5,No
920,45,Engineering,Manager,25,25040,2,3,Yes,3,30,4,6,Yes
178,50,Marketing,Manager,18,8308,3,1,Yes,2,25,3,5,Yes
561,39,Engineering,Analyst,22,2894,2,4,Yes,6,1,4,6,No
649,23,Finance,Director,20,9204,2,4,Yes,8,20,3,1,Yes
405,60,Marketing,Analyst,33,9375,2,1,No,2,17,4,0,No
385,28,Sales,Executive,25,65500,1,1,No,3,12,4,4,No
482,52,Sales,Executive,24,6103,4,4,Yes,1,15,3,4,No
419,33,Engineering,Director,31,7911,3,1,No,2,29,3,6,No
270,37,Support,Executive,12,14305,2,1,No,9,16,3,3,Yes
241,58,Support,Specialist,20,19559,1,2,No,5,3,3,2,No
338,48,Marketing,Analyst,25,13108,1,4,No,1,28,3,5,Yes
566,38,Engineering,Engineer,34,13979,1,4,No,9,7,3,1,No
737,37,Support,Analyst,34,10822,4,2,Yes,8,29,3,2,Yes
893,60,Sales,Manager,15,14923,2,2,Yes,1,30,4,1,No
982,42,Marketing,Specialist,17,7714,1,4,No,3,11,3,6,No
62,25,Support,Specialist,21,4159,3,1,No,4,9,3,2,Yes
777,32,HR,Engineer,19,18239,2,3,Yes,9,4,4,2,No
78,47,HR,Executive,4,3963,2,4,No,7,15,3,2,No
889,,HR,Executive,18,5181,3,2,No,8,22,4,3,No
136,25,Engineering,Analyst,12,15126,,1,No,1,1,3,1,No
528,23,Engineering,Director,11,,3,3,No,8,27,3,4,No
56,,Marketing,Executive,17,90630,1,3,No,1,10,4,4,No
861,40,,Executive,16,8170,1,3,Yes,5,2,3,1,No
918,58,Sales,Manager,29,9084,4,1,Yes,0,21,4,1,Yes
673,51,Sales,Engineer,21,2587,4,1,No,6,30,4,4,No
362,35,Marketing,Analyst,33,17359,4,3,Yes,5,28,3,3,0
271,25,HR,Analyst,7,17254,4,4,Yes,5,8,4,4,Yes
474,39,Sales,Analyst,22,18404,2,3,No,8,3,3,5,Yes
473,,Marketing,Executive,6,17203,,4,Yes,0,10,4,0,No
7,45,Engineering,Director,33,2018,3,4,Yes,1,30,4,6,No
767,53,Marketing,Director,33,18148,2,1,Yes,7,19,4,5,Yes
818,36,engineering,Engineer,21,5121,,1,Yes,9,2,4,6,No
312,60,Support,Specialist,2,2175,3,4,No,6,22,4,1,No
976,36,Finance,Manager,3,4765,2,2,y,3,18,3,1,Yes
945,44,Marketing,Director,2,,2,3,No,3,26,3,1,No
158,26,Marketing,Analyst,32,5926,4,3,No,0,28,3,1,No
452,35,Sales,Director,17,4451,4,4,No,5,7,3,0,No
294,49,Support,Executive,17,10944,4,3,No,9,13,4,4,No
935,31,HR,Analyst,22,15823,1,4,No,8,6,3,2,No
988,25,Sales,Executive,10,2485,4,2,Yes,8,27,3,5,No
588,31,Finance,Engineer,11,16440,2,2,No,0,20,3,4,No
110,29,Finance,Analyst,34,7895,1,4,Yes,7,26,4,6,No
118,56,HR,Director,2,16462,2,4,Yes,3,10,3,3,Yes
183,41,Support,Director,9,13943,3,4,Yes,0,11,3,6,No
238,28,Finance,Specialist,33,4872,4,3,No,9,28,4,2,No
674,22,Finance,Analyst,2,9267,4,2,No,0,14,3,0,No
162,23,Sales,Specialist,7,15656,4,4,Yes,8,9,4,5,Yes
341,31,Marketing,Engineer,16,14304,,,Yes,3,25,3,3,Yes
712,25,Sales,Engineer,4,6036,3,1,No,3,8,4,4,No
554,38,HR,Engineer,1,12546,4,4,No,8,18,3,6,No
660,23,Finance,Analyst,33,14165,1,4,y,5,26,4,2,No
546,53,Support,Analyst,33,17795,2,4,No,0,22,3,2,Yes
696,35,HR,Specialist,19,16149,2,1,Yes,7,13,3,1,Yes
533,55,Finance,Executive,2,4507,3,3,Yes,2,20,3,3,No
334,30,,Executive,33,10114,1,3,Yes,5,15,3,1,No
95,,Finance,Specialist,3,10019,1,4,No,3,18,3,6,No
866,50,Engineering,Specialist,30,6860,3,1,Yes,2,11,3,6,No
377,60,Engineering,Engineer,18,16688,2,,No,1,12,4,3,Yes
388,38,Support,Executive,7,6448,4,1,No,3,30,3,5,No
144,46,HR,Director,24,5323,4,2,Yes,7,3,3,2,Yes
979,51,,Specialist,24,19149,,4,No,0,14,3,6,No
672,45,HR,Manager,6,17820,2,,Yes,5,22,4,4,Yes
792,42,Engineering,Specialist,7,6819,4,3,No,9,19,4,4,No
219,58,Finance,Analyst,24,10325,3,,No,6,1,3,2,No
280,56,Engineering,Director,19,5980,1,4,No,2,15,4,1,Yes
975,22,Sales,Director,26,14924,2,,Yes,2,14,4,0,Yes
91,52,Finance,Specialist,13,10108,1,4,No,1,30,3,0,No
609,22,Support,Manager,21,4306,,4,No,1,20,3,0,No
993,26,Saless,Analyst,25,6922,2,4,Yes,4,27,4,6,No
698,51,Sales,Director,7,6154,1,2,Yes,8,16,4,5,Yes
40,37,Finance,Executive,14,15460,1,3,YES,6,13,3,3,No
167,43,Finance,Director,6,16183,2,4,No,6,5,3,0,No
590,59,Sales,Director,5,,4,2,No,5,5,4,6,Yes
635,44,Sales,Engineer,30,14574,1,4,No,7,1,4,0,No
753,45,Support,Director,22,8050,2,4,Yes,0,7,3,2,No
736,46,Marketing,Specialist,21,16963,1,1,Yes,2,9,3,6,No
645,37,Finance,Analyst,22,12038,2,3,No,4,9,4,5,No
502,33,HR,Analyst,18,17894,4,4,No,8,16,4,0,No
41,31,,Executive,16,13093,4,1,No,8,13,4,5,No
484,44,Engineering,Executive,19,14023,3,2,No,5,23,3,0,No
430,37,HR,Manager,2,17853,1,1,No,1,10,3,2,No
52,60,Finance,Engineer,29,18565,4,1,Yes,8,24,3,3,Yes
504,53,Support,Analyst,21,3495,,4,No,3,19,3,4,No
500,32,,Engineer,17,,1,3,Yes,6,4,4,1,No
671,58,Support,Analyst,0,7379,3,,no,7,29,4,1,Yes
261,38,Sales,Manager,4,4307,3,4,Yes,7,5,3,0,No
950,43,HR,Specialist,7,6483,1,4,n,5,26,3,1,Yes
465,59,Marketing,Engineer,19,8244,1,3,Yes,6,26,4,4,No
963,38,Finance,Specialist,23,,,1,No,4,27,3,3,No
847,26,Finance,Specialist,21,12811,4,3,YES,9,30,3,4,YES
910,38,Support,Engineer,29,5803,2,3,Yes,0,19,4,4,No
197,58,HR,Specialist,28,14356,4,2,No,7,22,4,4,No
936,44,Support,Executive,9,6260,3,1,No,6,28,4,4,yes
415,23,Engineering,Director,17,6224,3,1,Yes,3,24,4,3,No
341,31,Marketing,Engineer,16,14304,,,Yes,3,25,3,3,Yes
234,29,Support,Executive,23,4795,4,,No,8,13,3,6,Yes
201,37,HR,Executive,21,13990,2,4,No,3,14,4,2,No
204,31,Engineering,Specialist,21,15822,4,1,Yes,2,11,3,2,Yes
594,48,Marketing,Executive,17,8209,4,3,Yes,6,2,4,1,No
435,31,Sales,Engineer,24,7184,4,1,Yes,6,28,4,5,Yes
281,58,Support,Executive,21,5680,4,1,Yes,8,4,4,0,No
683,41,Sales,Executive,2,12220,4,1,No,4,24,3,1,Yes
89,43,,Director,12,7750,4,4,No,1,13,3,1,No
337,29,Finance,Engineer,4,3464,4,4,No,9,15,4,6,No
858,29,Eng,Specialist,29,12922,4,,No,3,11,4,5,No
157,57,Engineering,Engineer,6,17426,2,3,Yes,5,21,3,1,Yes
765,49,Marketing,Executive,9,4586,3,1,Yes,2,23,4,0,Yes
720,42,Support,Specialist,23,9994,2,1,No,0,29,4,3,No
941,34,Engineering,Manager,12,5441,4,1,Yes,1,26,4,0,No
702,26,sale,Analyst,18,18430,1,3,No,7,2,4,3,Yes
932,43,,Director,7,15719,,2,yes,5,19,3,2,No
880,46,Support,Analyst,13,,4,1,No,1,29,4,1,No
442,56,Sales,Specialist,28,18494,1,3,No,3,8,4,4,No
655,29,Marketing,Director,23,7862,2,2,Yes,0,11,3,6,Yes
20,40,Engineering,Executive,20,17236,4,4,Yes,8,16,3,5,YES
872,27,Engineering,Director,8,2910,3,2,Yes,9,10,3,0,Yes
277,26,Engineering,Executive,5,,4,2,No,1,4,3,2,Yes
974,28,,Analyst,22,15295,2,3,No,2,18,4,1,No
547,55,Engineering,Specialist,12,,1,4,Yes,5,17,3,2,No
856,35,Finance,Specialist,34,,3,1,Yes,2,4,3,6,No
370,22,Support,Engineer,9,16439,3,2,Yes,0,29,3,3,NO
511,29,Sales,Executive,31,7594,4,2,No,6,1,4,0,No
751,29,Engineering,Executive,28,2088,2,2,No,1,6,3,2,Yes
38,37,Support,Analyst,19,2448,4,1,Yes,1,15,3,5,No
160,42,,Analyst,1,2135,2,2,No,4,5,3,3,Yes
392,23,Finance,Executive,21,15842,4,3,No,6,3,4,2,No
381,59,Sales,Director,12,15859,2,4,No,4,17,4,4,No
582,46,Support,Engineer,23,10636,4,3,No,3,11,4,0,No
207,58,engineering,Director,34,12146,3,,Yes,1,15,4,2,No
677,29,Finance,Director,29,187370,1,4,No,1,12,3,2,Yes
23,56,Sales,Analyst,9,9577,4,2,Yes,1,14,4,2,No
697,39,Support,Director,35,19395,3,4,NO,9,18,3,3,No
80,47,Finance,Executive,15,9049,3,1,Yes,4,16,4,2,No
176,31,Sales,Analyst,20,3666,3,4,No,1,26,4,4,No
149,42,Support,Manager,5,14717,4,3,No,8,15,3,6,No
540,48,Sales,Engineer,15,7454,4,1,No,0,24,4,4,No
598,42,HR,Manager,9,5401,,1,No,0,19,3,6,Yes
717,58,Finance,Specialist,4,11481,3,2,Yes,7,9,3,3,No
18,56,HR,Manager,7,10559,2,3,y,1,20,4,2,No
274,47,Engineering,Engineer,29,2044,1,4,No,8,2,4,3,No
534,49,Sales,Analyst,16,,2,1,No,9,16,3,6,YES
116,46,Marketing,Director,8,14573,4,2,No,8,23,3,4,Yes
310,51,Support,Executive,7,9355,2,2,No,4,24,4,3,Yes
317,42,Sales,Specialist,4,19929,4,1,No,4,6,3,6,No
309,45,Engineering,Executive,24,9355,1,1,Yes,1,15,3,2,No
12,56,Sales,Specialist,20,3873,1,4,Yes,0,17,3,6,Yes
873,31,Support,Executive,11,11720,2,1,No,6,3,4,5,Yes
581,,Sales,Executive,14,9175,2,2,No,3,5,3,2,Yes
916,,Engineering,Analyst,18,2458,3,2,Yes,6,4,3,4,No
956,22,HR,Analyst,20,15483,4,1,No,8,20,4,3,No
49,51,Sales,Specialist,13,2699,1,3,Yes,2,26,3,0,No
871,50,Marketing,Engineer,11,15017,4,2,Yes,9,24,4,3,Yes
470,47,Support,Manager,29,18974,4,1,Yes,0,9,3,2,No
488,60,Sales,Manager,19,,3,2,No,7,1,4,0,No
642,37,Support,Executive,23,9384,3,4,Yes,6,2,4,6,No
46,,Support,Engineer,7,17346,1,2,Yes,6,28,4,0,No
396,41,Finance,Analyst,6,12657,1,2,No,0,13,4,0,No
115,53,Finance,Specialist,20,14734,4,1,No,5,28,4,4,Yes
662,35,Sales,Manager,10,3227,3,4,Yes,3,15,3,5,No
596,37,Marketing,Director,23,16355,2,4,Yes,8,25,3,6,Yes
246,56,Sales,Executive,8,5044,4,1,No,4,22,4,3,Yes
364,34,,Manager,21,16795,3,1,Yes,1,22,3,0,No
665,23,HR,Engineer,7,12092,2,4,No,6,19,3,3,No
390,47,Sales,Director,29,12352,2,3,Yes,7,22,4,1,No
614,33,Engineering,Director,11,9110,1,1,No,7,5,4,2,Yes
715,33,Engineering,Engineer,21,13658,1,4,Yes,6,19,3,3,No
781,59,HR,Engineer,23,3828,4,4,Yes,0,1,4,6,Yes
258,,Sales,Engineer,25,17109,2,2,y,2,11,3,5,Yes
449,57,Support,Engineer,29,18246,4,4,Yes,4,6,3,5,No
319,31,Marketing,Director,33,4751,,4,yes,1,30,4,2,Yes
94,23,,Executive,34,15897,4,2,Yes,7,12,3,2,Yes
726,44,Support,Analyst,12,13296,,1,No,8,30,3,3,Yes
745,53,Support,Analyst,27,16712,4,3,No,2,24,3,1,No
538,29,Finance,Engineer,11,7213,4,4,No,3,14,4,2,No
344,42,Support,Engineer,16,,,2,No,5,7,4,4,No
342,57,Finance,Specialist,6,10071,2,3,NO,7,3,3,6,No
1,29,,Specialist,17,10024,2,2,Yes,8,3,4,0,Yes
506,54,Marketing,Executive,2,7142,3,3,Yes,3,21,3,0,Yes
352,,Finance,Analyst,32,10397,3,4,No,9,15,3,1,No
551,54,Marketing,Executive,10,7858,1,4,No,1,30,4,2,No
821,28,Support,Director,10,4212,3,1,No,0,22,4,4,Yes
599,46,Marketing,Specialist,15,18074,3,3,No,7,30,3,3,no
35,47,HR,Director,34,18180,4,1,Yes,6,24,4,4,Yes
253,24,Sales,Director,30,14077,1,4,Yes,2,24,4,3,No
190,43,Marketing,Director,4,9530,4,,Yes,1,1,3,4,No
926,40,engineering,Specialist,25,16858,2,1,Yes,0,17,3,0,Yes
350,26,Finance,Director,28,5134,4,1,Yes,0,30,3,3,Yes
266,30,HR,Analyst,2,7683,3,1,Yes,4,5,4,1,NO
77,56,Sales,Director,10,,2,3,Yes,0,3,3,5,No
345,47,Finance,Manager,4,19650,1,4,n,5,27,4,6,no
587,,Sales,Director,3,14227,1,2,Yes,8,1,3,2,Yes
534,49,Sales,Analyst,16,,2,1,No,9,16,3,6,YES
165,30,Support,Specialist,10,12769,3,4,No,1,12,4,1,No
653,59,Support,Director,33,8413,1,4,No,0,25,3,0,No
236,57,Engineering,Manager,11,6858,1,3,Yes,2,28,3,5,No
808,26,Marketing,Engineer,13,13794,4,3,Yes,5,28,3,3,No
480,48,HR,Analyst,21,3946,2,2,No,0,8,4,0,No
88,47,Marketing,Analyst,18,3227,1,3,Yes,5,10,4,5,No
355,33,Sales,Engineer,0,4416,3,1,Yes,2,10,4,1,No
550,51,Sales,Engineer,26,10871,4,2,No,8,16,4,5,No
684,37,Sales,Engineer,10,8066,1,1,No,3,24,3,1,No
885,57,Finance,Executive,19,18319,3,3,No,6,9,3,4,No
624,56,Sales,Specialist,18,10704,3,4,Yes,3,25,4,2,Yes
468,59,Engineering,Specialist,12,10192,2,4,Yes,4,10,3,2,No
70,51,Sales,Engineer,12,3435,2,1,No,4,17,4,6,No
602,33,Marketing,Manager,13,14647,2,3,Yes,6,19,3,1,No
815,33,Finance,Engineer,22,,3,3,Yes,0,12,4,0,Yes
75,53,Sales,Engineer,35,14088,4,2,Yes,1,10,4,5,No
942,48,Sales,Specialist,6,14712,,3,Yes,8,9,3,4,No
411,39,Engineering,Analyst,27,2578,2,1,Yes,6,14,4,5,Yes
937,,Finance,Director,30,11874,2,2,Yes,5,28,4,6,Yes
688,22,,Executive,10,4012,1,4,No,3,14,3,2,Yes
5,57,Finance,Engineer,27,,3,2,Yes,8,16,3,6,Yes
64,43,Finance,Analyst,24,7054,2,2,Yes,7,2,4,2,No
313,29,HR,Manager,8,18358,3,3,No,4,29,4,4,No
839,42,Marketing,Specialist,12,5929,4,1,No,3,19,3,6,No
127,26,Sales,Director,4,2451,3,2,Yes,0,26,4,4,Yes
413,45,Support,Director,33,14176,2,3,Yes,9,13,3,0,Yes
530,47,Marketing,Manager,19,15925,3,1,No,8,12,4,5,No
747,47,Finance,Specialist,5,16943,2,2,No,7,15,4,2,No
442,56,Sales,Specialist,28,18494,1,3,No,3,8,4,4,No
24,44,HR,Executive,26,19636,2,4,Yes,4,14,4,0,Yes
429,47,sale,Analyst,3,14172,,2,No,1,4,3,2,No
1000,60,Support,Analyst,35,101240,2,3,No,6,18,4,5,No
269,38,HR,Director,29,3419,1,1,Yes,2,26,3,3,Yes
778,26,Finance,Analyst,16,19637,1,1,No,7,27,3,0,Yes
1,29,,Specialist,17,10024,2,2,Yes,8,3,4,0,Yes
899,,Engineering,Director,16,,4,3,No,0,20,3,5,No
544,38,Finance,Engineer,2,6588,2,3,Yes,3,29,4,4,Yes
285,40,Marketing,Analyst,31,10019,1,1,no,7,3,4,4,No
870,,HR,Engineer,19,16510,1,3,No,8,20,4,0,No
273,28,Marketing,Executive,15,4722,1,,Yes,2,12,4,1,No
849,32,Marketing,Executive,30,9580,1,2,Yes,7,21,4,5,No
292,40,Finance,Specialist,2,4695,3,4,Yes,6,10,4,4,No
181,31,HR,Specialist,23,2365,2,1,Yes,0,19,4,4,Yes
729,59,Finance,Analyst,6,8336,3,4,Yes,9,18,4,5,No
297,32,Finance,Manager,25,10630,4,4,No,4,11,3,0,No
187,38,Finance,Director,11,14342,4,3,Yes,8,9,4,1,No
39,54,Support,Analyst,4,11052,4,3,No,0,10,4,6,No
456,55,Finance,Analyst,30,18059,3,3,No,3,3,4,6,No
208,22,Marketing,Engineer,14,2236,3,2,No,8,14,4,1,Yes
836,29,Marketing,Director,22,7472,2,1,Yes,5,24,4,0,No
481,52,Engineering,Engineer,2,54090,1,4,Yes,5,14,4,2,No
946,38,Marketing,Specialist,30,2652,4,,No,1,14,3,1,No
196,26,Sales,Director,18,13406,3,3,Yes,9,7,4,3,No
584,44,Sales,Specialist,17,10257,1,4,No,2,13,3,5,No
952,52,Finance,Specialist,14,17766,1,2,Yes,7,11,4,1,Yes
719,36,HR,Analyst,27,15245,1,4,Yes,8,16,3,3,No
591,,sale,Specialist,3,19286,1,2,Yes,4,29,3,5,Yes
577,47,Support,Specialist,27,2840,2,2,Yes,5,4,4,3,No
742,49,Marketing,Manager,20,18595,4,4,No,4,10,3,1,No
616,55,HR,Engineer,23,6198,3,4,Yes,0,15,4,3,No
862,32,Engineering,Analyst,8,19049,2,2,Yes,2,1,3,2,Yes
691,57,Marketing,Director,21,2047,4,2,Yes,1,24,4,5,No
995,,HR,Engineer,13,12684,4,2,No,5,17,4,0,Yes
44,44,Finance,Engineer,18,2718,4,3,Yes,9,28,3,4,No
177,35,Finance,Director,30,2288,1,3,No,3,29,3,0,No
659,45,Sales,Engineer,29,14666,4,1,No,5,27,4,0,No
760,40,Finance,Specialist,6,13219,3,3,Yes,0,8,4,0,No
569,51,Support,Manager,21,19008,3,1,No,6,21,3,4,Yes
859,42,Marketing,Executive,14,,1,2,No,0,29,3,2,No
85,41,HR,Specialist,13,18023,3,4,No,8,30,4,2,No
417,35,Finance,Manager,0,133850,3,3,Yes,8,9,3,3,0
223,30,Marketing,Director,12,17986,4,2,Yes,3,3,4,6,No
60,50,Support,Engineer,17,3840,3,1,No,7,15,3,0,No
348,25,HR,Executive,26,109790,1,4,n,5,17,3,5,No
827,23,,Analyst,34,11040,1,4,No,2,5,3,6,No
72,50,,Specialist,22,16252,3,1,Yes,6,12,3,0,Yes
168,46,Eng,Analyst,5,,4,4,Yes,7,15,4,0,No
855,47,Finance,Director,15,9944,,3,No,4,8,4,3,No
194,54,Marketing,Engineer,35,,2,4,Yes,1,27,3,3,No
943,55,Engineering,Specialist,7,2741,4,,No,8,24,3,3,Yes
486,56,Sales,Specialist,19,3025,3,1,No,4,26,3,6,Yes
493,29,Support,Analyst,28,15432,3,1,No,8,17,3,2,No
51,24,Support,Specialist,33,11883,,1,Yes,7,28,4,3,No
13,55,HR,Engineer,13,12295,2,3,No,2,22,4,3,No
96,31,sale,Director,14,15551,3,3,Yes,8,19,3,5,No
402,,Finance,Executive,30,6180,3,1,Yes,2,5,4,4,No
314,50,Sales,Analyst,9,3788,2,2,Yes,7,9,3,5,Yes
613,24,Support,Engineer,26,17235,4,3,No,7,28,4,3,No
656,39,Marketing,Analyst,29,7739,1,2,Yes,9,25,3,0,No
479,38,Marketing,Specialist,22,4226,2,3,Yes,8,19,3,6,No
191,52,Support,Analyst,34,2039,4,4,No,0,23,4,1,No
652,60,Marketing,Manager,15,4119,4,1,No,9,12,4,3,Yes
71,50,Marketing,Engineer,11,18259,4,3,No,1,24,4,0,No
222,58,Engineering,Engineer,32,9235,2,1,No,7,25,3,1,Yes
316,42,Engineering,Manager,5,17080,4,4,No,9,22,3,2,No
163,29,HR,Manager,6,18309,2,,No,8,7,4,5,No
707,36,Support,Specialist,23,13138,2,3,Yes,0,22,3,3,Yes
119,49,Engineering,Director,8,8770,2,1,No,8,9,3,2,No
255,,HR,Executive,5,6155,1,3,No,2,20,4,2,No
487,40,Finance,Executive,27,19003,3,2,no,7,24,3,1,No
306,45,Support,Manager,34,9745,4,4,Yes,6,30,4,2,Yes
794,,Marketing,Manager,25,,,2,Yes,9,18,3,1,Yes
245,26,HR,Director,21,19713,4,1,Yes,0,16,3,0,Yes
308,34,Support,Engineer,20,4694,1,2,Yes,8,23,3,6,Yes
6,22,Support,Specialist,7,19595,3,3,Yes,4,14,3,3,Yes
843,53,Support,Specialist,27,10589,3,4,No,3,11,4,6,yes
846,47,sale,Manager,32,11398,4,,No,5,13,3,2,No
289,30,Support,Analyst,14,12073,2,2,Yes,1,14,3,0,Yes
769,,Marketing,Manager,32,17097,2,1,Yes,6,2,3,5,No
637,59,Sales,Specialist,33,18092,,4,No,2,2,4,4,No
730,56,Support,Engineer,26,2955,3,2,No,0,16,4,3,No
962,27,Engineering,Director,7,14701,2,3,Yes,4,25,4,0,Yes
994,,SALES,Executive,34,2071,,1,No,1,6,4,3,No
755,29,Engineering,Executive,3,6945,2,1,Yes,2,4,4,3,Yes
152,,HR,Specialist,32,15218,2,1,Yes,3,29,3,6,Yes
477,50,SALES,Engineer,14,8592,2,4,Yes,1,19,3,5,No
332,27,engineering,Director,21,14779,2,3,Yes,1,17,4,4,Yes
565,,Marketing,Manager,34,14354,2,2,Yes,0,12,3,0,NO
428,57,Support,Engineer,32,12028,2,4,Yes,4,3,4,1,No
522,45,HR,Specialist,33,16734,2,1,No,2,18,3,5,No
99,46,Marketing,Director,22,12106,3,3,No,7,4,4,6,No
957,47,Support,Analyst,29,8758,2,1,Yes,2,21,3,3,Yes
406,35,Sales,Specialist,25,91250,3,1,No,9,28,4,0,No
610,,Support,Director,12,17599,2,4,Yes,7,10,3,3,Yes
446,46,HR,Specialist,3,11010,1,2,Yes,9,28,3,0,Yes
2,32,,Executive,21,11105,2,2,No,1,3,4,0,Yes
623,54,SALES,Engineer,24,149690,1,3,No,0,22,4,4,Yes
243,,HR,Engineer,9,5219,2,2,Yes,7,13,3,0,no
363,43,Engineering,Executive,27,15217,3,3,Yes,9,26,3,1,Yes
977,24,HR,Executive,17,151140,1,4,Yes,7,14,3,3,Yes
471,57,engineering,Executive,8,9325,2,,No,0,26,4,4,No
84,35,Finance,Engineer,30,19218,4,3,Yes,7,30,4,4,No
985,49,Sales,Engineer,2,9467,2,4,No,6,19,3,1,Yes
877,56,Engineering,Manager,18,17912,1,1,No,9,15,3,6,No
130,29,,Specialist,32,2084,1,1,Yes,0,16,4,3,No
529,41,Marketing,Specialist,30,3141,3,4,Yes,2,13,3,3,No
400,60,,Executive,9,12366,4,4,Yes,9,8,3,2,Yes
368,35,Marketing,Executive,35,5972,3,1,Yes,8,25,4,3,Yes
854,40,Finance,Director,35,12990,4,3,No,6,22,4,1,No
912,57,Sales,Manager,24,10879,1,2,No,3,19,3,4,No
958,32,Finance,Director,23,57360,3,3,No,9,18,3,0,No
814,41,Support,Manager,13,5883,1,3,No,2,2,3,3,Yes
539,40,Marketing,Analyst,11,15108,3,1,No,7,21,3,5,No
775,48,HR,Director,34,6097,1,2,No,8,13,3,4,yes
824,,SALES,Director,7,4163,4,3,Yes,0,22,3,5,No
562,55,Sales,Analyst,13,,4,3,No,6,7,3,0,No
124,42,HR,Engineer,8,14541,2,2,Yes,8,19,3,4,No
399,49,Sales,Director,16,10541,4,2,No,7,3,4,5,No
914,24,Support,Specialist,22,16752,4,2,Yes,4,25,4,0,Yes
552,35,Finance,Specialist,9,12609,2,2,No,2,28,3,4,No
259,35,Finance,Specialist,7,5931,1,2,No,9,26,3,0,No
617,34,Engineering,Engineer,14,9766,2,4,No,0,11,3,3,No
101,24,Sales,Specialist,3,2209,4,,Yes,1,23,3,0,Yes
798,50,Finance,Engineer,6,15068,3,4,Yes,8,20,3,2,No
603,,Sales,Manager,0,3728,3,1,No,5,7,3,1,Yes
426,57,Marketing,Analyst,13,9359,1,,Yes,2,13,3,5,No
424,39,Engineering,Manager,20,6179,2,4,No,5,16,4,3,No
481,52,Engineering,Engineer,2,54090,1,4,Yes,5,14,4,2,No
563,26,Marketing,Specialist,19,9515,1,,No,0,9,4,0,Yes
29,23,Marketing,Engineer,11,17976,2,3,No,5,9,4,4,Yes
229,56,Support,Manager,11,12407,2,,No,6,14,4,3,No
828,24,Marketing,Analyst,25,7012,1,4,No,5,2,4,4,No
335,47,HR,Director,31,15874,4,4,No,2,5,3,3,No
231,34,Engineering,Manager,11,16394,4,3,No,3,14,4,6,No
180,26,Support,Director,2,4378,3,1,No,4,20,3,2,No
516,57,Marketing,Executive,16,5940,4,3,Yes,0,28,4,6,No
54,52,Engineering,Manager,22,14044,1,,Yes,6,28,3,4,No
150,40,,Engineer,26,10655,4,4,No,0,6,4,3,No
644,56,Finance,Engineer,19,17398,4,4,Yes,7,11,3,5,No
706,,Support,Analyst,23,19312,4,2,Yes,4,25,4,0,Yes
615,53,Support,Manager,22,5473,1,3,No,9,10,3,1,No
328,28,Finance,Manager,32,5454,2,1,Yes,5,6,4,5,Yes
11,32,Marketing,Executive,30,9004,4,1,Yes,6,1,4,2,No
905,56,Engineering,Director,30,12072,2,3,No,1,8,4,0,No
295,33,Marketing,Director,20,7004,3,,Yes,8,25,4,6,Yes
134,42,HR,Executive,17,9654,1,2,Yes,9,4,3,0,Yes
694,60,Finance,Specialist,15,3447,4,,Yes,0,30,4,6,No
663,43,Support,Specialist,20,19259,2,3,Yes,3,27,3,3,Yes
784,33,Sales,Analyst,9,11637,2,4,No,7,23,4,2,No
740,42,,Analyst,6,9097,2,3,Yes,6,16,3,1,No
159,42,Support,Manager,0,16812,3,,Yes,9,25,3,3,No
981,58,Sales,Analyst,22,11614,3,,No,2,14,3,2,No
382,47,Support,Engineer,0,7518,4,1,Yes,1,25,4,4,Yes
667,27,Sales,Director,0,8299,2,4,No,1,9,4,4,No
829,48,HR,Manager,19,14351,2,4,Yes,2,28,3,3,Yes
326,52,Engineering,Analyst,12,7122,4,1,No,7,10,3,1,No
639,48,Marketing,Manager,17,16296,4,1,Yes,1,9,4,3,No
433,27,Marketing,Manager,29,12279,2,3,Yes,1,9,4,2,Yes
535,,Support,Analyst,17,10750,4,3,Yes,3,8,3,5,No
607,,Support,Manager,21,3028,2,1,Yes,4,13,3,3,Yes
585,22,Finance,Manager,22,59210,1,1,No,2,24,3,1,No
31,59,Saless,Director,18,5294,2,3,Yes,5,6,4,0,No
131,26,Finance,Engineer,7,18450,1,2,Yes,8,2,4,0,No
467,27,Support,Engineer,9,8446,4,1,No,3,2,4,2,No
537,42,Marketing,Specialist,29,2968,2,2,No,9,14,4,6,Yes
840,31,Finance,Executive,11,2877,2,4,Yes,5,5,4,4,Yes
630,60,HR,Executive,30,19845,2,3,No,8,18,3,2,No
898,36,Marketing,Director,3,5326,1,3,No,7,7,4,2,No
151,41,HR,Engineer,31,5218,2,2,No,7,25,4,2,No
320,51,Eng,Specialist,16,13647,3,1,Yes,1,24,4,1,No
492,31,Marketing,Specialist,5,4533,2,4,Yes,8,26,3,4,Yes
568,47,HR,Manager,30,17854,3,2,No,7,7,4,4,No
809,56,,Analyst,35,11949,2,3,Yes,6,30,4,3,No
513,60,Engineering,Manager,22,9406,3,1,Yes,4,10,4,4,No
202,31,,Analyst,30,2319,2,4,No,2,29,4,6,No
17,37,,Analyst,6,14535,1,4,Yes,3,27,4,2,Yes
117,53,Marketing,Specialist,31,15619,4,4,Yes,1,19,3,6,No
299,46,HR,Director,6,18002,1,2,No,7,17,4,1,No
214,30,HR,Manager,31,,3,4,Yes,9,6,4,2,No
69,46,HR,Engineer,1,13701,1,3,Yes,1,25,4,1,Yes
557,51,Engineering,Executive,23,12912,2,3,NO,9,24,3,1,Yes
933,31,Marketing,Manager,1,4940,2,2,Yes,9,24,4,0,Yes
728,28,Marketing,Engineer,18,3733,2,4,YES,4,27,3,3,Yes
283,50,Support,Executive,28,11457,2,4,No,2,27,3,1,Yes
868,51,Sales,Executive,18,3181,2,2,No,1,19,4,5,Yes
32,,HR,Analyst,3,10273,4,1,Yes,6,16,3,4,No
850,58,Support,Specialist,19,8652,,1,No,5,10,3,0,No
224,44,Finance,Executive,9,16433,1,2,Yes,5,5,3,0,No
657,55,HR,Director,25,10238,4,,No,2,26,3,1,Yes
647,22,Sales,Analyst,16,18221,4,3,No,3,9,3,3,No
738,58,Eng,Executive,14,9283,3,,Yes,3,28,3,4,No
304,59,Finance,Engineer,31,4957,2,1,No,5,27,4,6,No
791,49,HR,Analyst,17,10326,3,3,No,4,14,3,6,No
953,33,HR,Engineer,25,19304,4,2,No,2,18,4,0,No
983,51,Finance,Director,16,11037,2,4,Yes,6,24,4,0,No
940,45,,Analyst,17,4695,2,2,Yes,1,23,4,0,Yes
744,29,HR,Engineer,4,8827,1,3,No,7,2,3,5,No
721,31,Marketing,Specialist,17,5063,4,4,No,6,21,3,6,No
611,,Engineering,Analyst,25,11722,,3,Yes,6,9,4,5,No
837,39,Support,Specialist,31,3592,1,4,Yes,2,28,3,5,Yes
146,22,Marketing,Manager,18,17739,2,1,Yes,3,6,4,0,Yes
397,57,Marketing,Engineer,7,3282,2,2,Yes,1,18,4,6,No
927,51,Support,Director,34,17067,1,4,yes,8,26,4,2,No
463,56,HR,Specialist,31,10307,3,,Yes,5,10,4,4,No
695,57,Support,Analyst,1,5195,1,3,Yes,2,27,3,1,No
654,33,Engineering,Executive,19,7460,1,,Yes,9,2,3,2,Yes
975,22,Sales,Director,26,14924,2,,Yes,2,14,4,0,Yes
648,28,Finance,Director,17,6175,1,4,Yes,0,29,3,0,Yes
48,31,Marketing,Specialist,6,18034,4,3,Yes,5,7,4,3,No
296,29,Marketing,Executive,20,14331,4,4,Yes,0,6,4,5,Yes
288,56,Support,Director,7,15675,4,1,Yes,2,30,3,3,Yes
65,45,Support,Director,28,17128,3,4,No,2,27,3,6,No
894,42,Finance,Engineer,10,,3,,No,2,23,4,0,No
4,32,Marketing,Executive,17,9196,3,1,Yes,0,26,4,3,Yes
28,28,Marketing,Engineer,29,7013,4,2,No,9,26,4,3,No
10,47,Support,Engineer,6,10147,2,2,yes,2,14,3,2,No
400,60,,Executive,9,12366,4,4,Yes,9,8,3,2,Yes
125,59,Support,Executive,22,16070,3,2,Yes,4,21,3,1,No
987,52,Marketing,Manager,20,12572,1,3,Yes,2,27,3,5,Yes
154,22,Marketing,Analyst,11,2277,2,3,No,4,14,4,6,No
83,59,Finance,Analyst,3,17743,2,4,Yes,3,2,3,1,Yes
593,43,Engineering,Executive,14,14182,4,1,Yes,2,20,3,4,No
762,,Finance,Analyst,6,16723,4,3,Yes,7,6,4,4,Yes
973,33,Sales,Specialist,32,10720,4,4,Yes,9,25,3,2,No
378,41,Finance,Director,9,7757,,4,No,4,15,4,3,No
398,40,Support,Director,28,6582,4,3,No,9,18,3,5,No
650,36,HR,Manager,0,9824,3,,No,7,7,3,0,No
188,35,Engineering,Analyst,10,13869,1,2,No,5,24,3,3,No
490,44,Finance,Specialist,2,9690,3,1,y,8,15,3,4,Yes
